Gene,BaseMean,Log2FoldChange,Mean_Mock,Mean_Infected,Statistic,PValue,FDR,Significance
IFNB1,3.548313159328337,6.470915918269225,0.3128552001937245,6.7837711184629494,4.740579188918729,0.0019174579976840378,0.021623098645451616,Upregulated
EGR1,7.200806562514627,6.189342000666227,4.106135562181513,10.29547756284774,6.554600712933246,0.00013114610740471938,0.004209790047691492,Upregulated
IL1A,6.723705669557683,5.73055774182129,3.858426798647038,9.588984540468328,4.088854255079565,0.000978668617110069,0.014241968821726987,Upregulated
CCL20,7.868837265484911,5.610950059866239,5.063362235551791,10.67431229541803,5.198351108580432,0.0005868062337616303,0.010519073304690627,Upregulated
IFNL2,2.880967738634199,5.561321675860658,0.10030690070387065,5.661628576564528,4.2682583030195955,0.003609229975692265,0.03253964817405639,Upregulated
TNF,4.301257237708739,5.5562908244501825,1.5231118254836475,7.07940264993383,7.1883541526778085,8.721137070077014e-06,0.0008301921032984347,Upregulated
IFNL3,2.823210713963879,5.357556470056145,0.14443247893580702,5.501988948991952,4.221661770576643,0.0037888432657031774,0.03333167851912107,Upregulated
IFNL1,3.1777327597322196,5.304492386862772,0.525486566300834,5.8299789531636055,3.8331421528740224,0.005508584290408906,0.04166147596448091,Upregulated
CXCL2,9.231747200036583,5.2289847460805365,6.617254826996314,11.84623957307685,8.055087140900255,1.428954398972548e-05,0.001137771600380096,Upregulated
CMPK2,5.567103775979341,5.153083487112128,2.9905620324232762,8.143645519535404,3.594071468442024,0.0031570607057069644,0.029924981270120644,Upregulated
IFIT2,8.828430243766212,4.840871314668579,6.407994586431922,11.248865901100501,4.030813486828141,0.0027556817076272045,0.027503018517988653,Upregulated
C11orf96,3.389364006955843,4.808764911007951,0.9849815514518679,5.7937464624598185,7.911508139751435,8.338448371473144e-06,0.0008104533249305448,Upregulated
TNFAIP3,9.632063673564492,4.765753459232666,7.249186943948159,12.014940403180825,7.459779508855226,3.339259825580269e-06,0.0004903383337498346,Upregulated
PPP4R4,4.029645767243139,4.642033877993532,1.7086288282463724,6.350662706239905,5.292389736087021,0.00014106862645894684,0.004435467542170486,Upregulated
EGR2,4.337620188967845,4.6198308387705715,2.02770476958256,6.647535608353131,9.137033544118635,4.81657222080319e-07,0.000167475168827026,Upregulated
SELE,2.5781135159760384,4.516795377924065,0.3197158270140064,4.836511204938071,8.196184785823073,2.386502583324796e-05,0.0015321346584945192,Upregulated
IL6,5.128687068796092,4.462783849810209,2.897295143890987,7.360078993701196,3.3198578794222082,0.00595687920016609,0.04368905611046363,Upregulated
CXCL3,8.589999408122546,4.410573096215663,6.384712860014715,10.795285956230378,5.554177638878895,0.00015657723135920678,0.0047499681856068825,Upregulated
IFIT3,8.231993086267455,4.223635312395074,6.120175430069918,10.343810742464992,3.787035950688926,0.005234521412543891,0.04050005552541666,Upregulated
NFKBIA,10.986456519958839,4.214678914802958,8.87911706255736,13.093795977360317,10.09487123468074,3.765979853334303e-07,0.0001485194854730668,Upregulated
LTB,4.344935534305289,4.187057364962536,2.2514068518240213,6.438464216786557,7.230739841975686,2.8191393727036493e-05,0.0016700678438381319,Upregulated
PPP1R15A,11.181652050501091,4.088209009640995,9.137547545680594,13.225756555321588,13.671700361367247,1.415499635158952e-06,0.00030528346037654705,Upregulated
NR1D1,8.447490279805592,4.057192097242748,6.418894231184218,10.476086328426966,10.621548310745457,2.2625381874834817e-08,2.2307010429881786e-05,Upregulated
BHLHE41,6.600395683339885,3.964713700484122,4.618038833097824,8.582752533581946,6.362954993543938,1.8083483256093687e-05,0.0013038206238382562,Upregulated
IRF7,6.724243971094783,3.9301722591523074,4.759157841518629,8.689330100670936,3.5463939297693963,0.0030210394192398465,0.029099376904234194,Upregulated
PTX3,4.920617213606521,3.928945666372669,2.9561443804201866,6.885090046792856,4.160905540488278,0.0008364737975001608,0.01284298979632338,Upregulated
FOSB,6.131813819213455,3.9016246156943186,4.181001511366295,8.082626127060614,18.614825886860487,9.538122553288449e-12,1.3165470560304046e-07,Upregulated
ARRDC3,10.16712306797652,3.874887743959068,8.229679195996987,12.104566939956054,5.281016646404556,0.00011112242147193736,0.00382056712384326,Upregulated
PER1,7.852659658847813,3.8187098357014966,5.943304740997065,9.762014576698562,9.505133648802223,1.442512715109156e-05,0.001137771600380096,Upregulated
ATF3,8.96736276178908,3.7686513631415046,7.083037080218327,10.851688443359832,9.437853490699796,1.2707303366100175e-07,7.015956334491228e-05,Upregulated
CSF3,2.9091445519826467,3.721890251334831,1.048199426315231,4.770089677650062,8.361982269967653,5.078549284207101e-07,0.000167475168827026,Upregulated
NR4A3,3.6340495611172305,3.687377166480661,1.7903609778769,5.477738144357561,6.153300892713277,2.1938286234841177e-05,0.0014351382222725724,Upregulated
SERPINA10,2.102777770363001,3.5519457865194335,0.32680487710328443,3.878750663622718,6.519298224110645,0.0001067539329064757,0.0037671005678456305,Upregulated
EFNA1,9.058761391459253,3.5151689274534856,7.301176927732511,10.816345855185997,5.301195164710811,0.00018159750307633298,0.005288165263634228,Upregulated
PCK1,3.361200249174787,3.439532505123112,1.641433996613231,5.080966501736343,5.234566304785048,0.00012360224704257482,0.004091323299589113,Upregulated
MAFF,8.555614118754722,3.426817074229618,6.842205581639913,10.26902265586953,5.50239823676248,0.00011482609538296817,0.0038846681239487982,Upregulated
UBASH3A,2.1200826740459955,3.424651337006364,0.4077570055428134,3.8324083425491775,5.6933976632620125,0.00026615540800868653,0.006560255529899822,Upregulated
NFKBIZ,9.184027126068786,3.296284654890858,7.535884798623357,10.832169453514215,6.263393694644802,1.6213891577515106e-05,0.0012163062252415272,Upregulated
BRE-AS1,4.010368739546422,3.2928016815041055,2.3639678987943693,5.656769580298475,6.112619754038497,0.00014292202502877427,0.004453166391585037,Upregulated
DUSP8,8.111952968971275,3.261937468590035,6.480984234676257,9.742921703266292,9.834803950086927,4.280181821000935e-06,0.0005626604730978658,Upregulated
NEURL3,6.194393032206802,3.2541519424914025,4.567317060961101,7.821469003452504,4.51615652294308,0.00046343709581533784,0.009161574824029822,Upregulated
ZNF57,6.456569692108814,3.240266739617743,4.836436322299942,8.076703061917685,3.7868708129952626,0.006297290620849385,0.045437272576886595,Upregulated
ZFP36,9.561465684262732,3.2144771133381838,7.95422712759364,11.168704240931824,13.606379745200986,4.850545167048128e-08,3.719559718931406e-05,Upregulated
HELZ2,8.855366073678159,3.2015449419251345,7.254593602715592,10.456138544640726,3.961245148216075,0.0018656217120212486,0.021176954351175406,Upregulated
NFKBID,5.708807196749671,3.1607628085144013,4.128425792492471,7.289188601006872,6.1724474208222455,2.5902855644464777e-05,0.0016033054549800328,Upregulated
TRIM22,6.831754041048276,3.1538539200813354,5.254827081007608,8.408681001088944,5.1498115160414395,0.0003336866562166114,0.007538260091256771,Upregulated
ZBTB10,7.5873905091139076,3.122388815168102,6.026196101529856,9.148584916697958,6.268035098075659,8.162826071705179e-05,0.0031649294457232187,Upregulated
CSRNP1,8.93092059403429,3.0854641481299385,7.3881885199693205,10.473652668099259,5.769056843620755,0.0002270929021765768,0.005914270431591113,Upregulated
IRF1,9.300050867880543,3.0568703403673316,7.771615697696878,10.82848603806421,13.448545694942593,5.459959861780895e-07,0.000167475168827026,Upregulated
ICAM5,4.640740508049785,3.0459971344749306,3.11774194081232,6.163739075287251,6.409148835595287,0.00010698423694816251,0.0037671005678456305,Upregulated
HIF1A-AS2,2.2513183590021377,3.0367234199752136,0.7329566490145312,3.7696800689897447,4.910749034541305,0.000516597852304769,0.009788062536253472,Upregulated
SLCO5A1,2.553133744843418,3.033694470014609,1.0362865098361136,4.0699809798507225,5.806375499711342,4.961396311195656e-05,0.0023533386008052796,Upregulated
IER3,11.236432634671328,3.016424172437871,9.728220548452393,12.744644720890264,6.506536776132728,1.0324213068936414e-05,0.0009308817736038469,Upregulated
ZNF77,5.827964417234069,2.994750632004668,4.330589101231735,7.325339733236403,3.9119161360715973,0.00495000738285325,0.03931240040593983,Upregulated
TIPARP,10.291897833405221,2.9905952390314603,8.79660021388949,11.787195452920951,5.302904058080672,0.0005009577199827714,0.009598715487601822,Upregulated
KCNN1,2.1932517999956254,2.9896814134864775,0.6984110932523867,3.6880925067388644,5.23352995508852,0.0002583801012762573,0.006425982951200324,Upregulated
GBP5,2.4333440059994658,2.980841396504069,0.942923307747431,3.9237647042515,3.577775916924086,0.005037260275652856,0.03965160757241697,Upregulated
USP18,6.839296316053549,2.945464355567114,5.366564138269992,8.312028493837106,4.023914114923516,0.003720195847233202,0.033236157462368854,Upregulated
LOC286059,2.718481041724819,2.8779782503779168,1.2794919165358603,4.157470166913777,6.357786755390089,2.5801377090135785e-05,0.0016033054549800328,Upregulated
PDZD2,2.317755495249575,2.877503903056221,0.8790035437214646,3.7565074467776856,4.243998127714831,0.001377366745271641,0.017683584525233623,Upregulated
CCL2,8.030712918371234,2.8499094264126974,6.605758205164886,9.455667631577583,6.860291903038967,5.431512218771084e-06,0.0006519231578756285,Upregulated
SNORA31,2.5885489820770213,2.844947086609033,1.1660754387725047,4.011022525381538,3.6178302754640885,0.005042845548002852,0.03965160757241697,Upregulated
PROX1,2.9080524461245276,2.8414614272115246,1.4873217325187653,4.32878315973029,3.6072659738596675,0.00397837231073261,0.0344069379730841,Upregulated
ZBTB20,4.030884433248014,2.8404777387609057,2.6106455638675614,5.451123302628467,8.343705211774513,1.4688833264669828e-05,0.0011459018395808252,Upregulated
DNAH17,5.213588389175704,2.825272395497086,3.8009521914271605,6.626224586924247,3.4364663135852997,0.00392047053724339,0.034126548847377515,Upregulated
GRHL1,5.996540500999685,2.818522494840929,4.58727925357922,7.405801748420149,4.572496469760578,0.00043415870878534235,0.00885183553524975,Upregulated
FOXC2,4.135413165569179,2.8052977256825273,2.7327643027279147,5.538062028410442,3.5041318134476165,0.003733078095209336,0.03328136100600768,Upregulated
HIST1H1E,3.0223186912757054,2.792690654949544,1.6259733638009335,4.418664018750477,6.0516462532342,2.7182617815831875e-05,0.001649042497072556,Upregulated
NFKBIE,7.73532263829152,2.773808488479501,6.3484183940517696,9.12222688253127,4.950019913510415,0.0007455669119205811,0.01213568406278276,Upregulated
ACTN2,1.8204318189996358,2.7673335310481386,0.43676505347556627,3.204098584523705,4.9237836464967035,0.00068863472976488,0.011550289022357555,Upregulated
JUNB,9.913604499218623,2.761919184892072,8.532644906772587,11.29456409166466,7.235107136061135,5.6060458259171016e-05,0.0025055251363303855,Upregulated
IL23A,3.861719755482376,2.7574022707649886,2.4830186200998816,5.24042089086487,6.267901771997509,2.9855392158070812e-05,0.0017361387964598698,Upregulated
CCNL1,10.413163928502051,2.7312453619967325,9.047541247503686,11.778786609500418,8.521355845405848,3.623431001388765e-05,0.0019310508923617421,Upregulated
KLF10,9.689270023775624,2.72343308227134,8.327553482639953,11.050986564911293,6.307855692003054,3.173361447800414e-05,0.0017805653684548422,Upregulated
DCAF4L1,3.272970047814725,2.7110280725437965,1.917456011542827,4.628484084086623,3.618019722028704,0.0048715093134602235,0.038980546697792155,Upregulated
SNORA48,2.7251609185014285,2.7038662718932893,1.373227782554784,4.077094054448073,3.402172558983748,0.005812341874433198,0.043040641036910646,Upregulated
NLRC5,6.82585483374957,2.6993132389292747,5.476198214284933,8.175511453214208,5.227455615906702,0.0003021899179653799,0.007081710420502782,Upregulated
CREBRF,7.921321424192246,2.6973541493465643,6.5726443495189635,9.269998498865528,5.833251182314826,0.0002604883682041053,0.006455154302192577,Upregulated
REL,5.701670930751506,2.6928363883338102,4.355252736584601,7.048089124918412,4.472028257970162,0.0008017602387685676,0.012618810234575301,Upregulated
DLL1,2.526328579632416,2.6802882982044434,1.1861844305301943,3.866472728734638,6.454418741138829,2.5366545834161274e-05,0.0015915201461314912,Upregulated
PTGS2,10.537306298921841,2.675711742660596,9.199450427591543,11.875162170252139,5.811651268544793,4.0535529096128385e-05,0.002081762348272129,Upregulated
KDM6B,8.752563439171361,2.658652974010117,7.423236952166302,10.08188992617642,5.156874150555105,0.0006185076687406372,0.010861655663647602,Upregulated
SOCS1,4.1524474308644415,2.651276040102778,2.826809410813052,5.47808545091583,4.555706246731139,0.0008063525185134211,0.012662211391400172,Upregulated
KLKP1,2.0065410399941603,2.6430060518085594,0.6850380140898809,3.3280440658984403,3.9081079607063764,0.003329253419085111,0.030961129272206064,Upregulated
ZBTB43,8.258871966840992,2.6380291322010887,6.939857400740447,9.577886532941536,3.587048553822399,0.004443510863349234,0.036937278508330715,Upregulated
NGFR,3.513673982410689,2.6332240236028275,2.1970619706092753,4.830285994212103,5.108869024046856,0.0003893602006033994,0.008303295782943915,Upregulated
FGF18,2.378630776628362,2.629602402083497,1.0638295755866132,3.69343197767011,4.895640727596442,0.0004938284524125362,0.009544034020354319,Upregulated
HIST3H2BB,1.9735361285742958,2.6193962547912353,0.6638380011786782,3.2832342559699135,4.275301463205245,0.0013738852656778433,0.017657112031798202,Upregulated
HIST1H1D,2.8068480458465768,2.602148054574654,1.5057740185592499,4.107922073133904,6.654813218624172,1.7657709330354416e-05,0.0013038206238382562,Upregulated
SLC1A3,2.540168522739083,2.5967373544246737,1.2417998455267463,3.83853719995142,3.476009633026853,0.0038463606794852277,0.03368738353993312,Upregulated
GIMAP2,3.040801705562044,2.596421187736044,1.7425911116940218,4.339012299430066,3.3468714800256083,0.004489369986899523,0.037155326293142776,Upregulated
EREG,10.100747060583867,2.5958246390353192,8.802834741066208,11.398659380101527,4.05227894154516,0.0010917400484051632,0.015136902166909955,Upregulated
SP110,7.403186186553433,2.574896864076896,6.115737754514985,8.690634618591881,3.3728933056738435,0.006521267850704697,0.0463030144769943,Upregulated
ZNF267,8.61663371498821,2.574488228220768,7.329389600877826,9.903877829098594,6.201078024730502,0.00021141543171015984,0.005767128861453234,Upregulated
BBC3,8.873547506624647,2.5743716208612204,7.586361696194037,10.160733317055257,4.063415400387169,0.0010373995747926484,0.014762089000889616,Upregulated
SLC5A5,1.9777090325185862,2.56592513604912,0.6947464644940263,3.260671600543146,6.250981984810391,1.8412230218403788e-05,0.0013100206891991106,Upregulated
HIST1H2BG,2.4523049868383033,2.555634221117968,1.1744878762793194,3.7301220973972873,3.6820222393960735,0.0027030648019642357,0.02713483888109989,Upregulated
TRANK1,7.919226715340056,2.5469579916739917,6.64574771950306,9.192705711177052,6.73913051780769,6.761926657270996e-06,0.0007336788537639569,Upregulated
LST1,1.6121129349658718,2.5410110431697626,0.34160741338099065,2.882618456550753,4.848255131566878,0.000597464593443971,0.010600004862862637,Upregulated
MMP13,1.4874312802278091,2.5403441874552537,0.2172591865001822,2.757603373955436,4.065035622925919,0.004179930033630791,0.03548313299766655,Upregulated
DLX2,2.233602005500377,2.533697698726821,0.9667531561369666,3.5004508548637876,3.3414550071714952,0.007143352678517612,0.048932852119890125,Upregulated
LOC100129617,2.4159287575197226,2.5247556056481812,1.1535509546956322,3.678306560343813,4.845658526201625,0.0002449808923214824,0.006238876857404836,Upregulated
CLEC4A,2.027812566954923,2.517675658667482,0.7689747376211818,3.286650396288664,3.59195960668032,0.004817899665472401,0.03872287841568457,Upregulated
GEM,7.0351297028649675,2.5031252032556486,5.783567101237144,8.286692304492792,3.639676320230261,0.0050711878985994635,0.039696164294986964,Upregulated
ZC3H12A,9.311962930870092,2.4962968350278434,8.063814513356169,10.560111348384012,8.065434482680521,3.6926223191415305e-06,0.0005200945497052097,Upregulated
HCG26,2.0493198412711355,2.4841799162252167,0.8072298831585273,3.291409799383744,8.320175207107082,6.244784438720383e-07,0.0001873842600166466,Upregulated
CLUHP3,5.198152173021781,2.476061422143817,3.9601214619498726,6.436182884093689,4.666906827901297,0.0011736545703882025,0.015897894048153446,Upregulated
EGR3,2.2557256440277627,2.471128346991014,1.0201614705322555,3.4912898175232696,4.583966084327412,0.00036296325673104414,0.007952352115331116,Upregulated
SUGT1P1,3.0189572122106427,2.441124190641033,1.7983951168901262,4.239519307531159,4.844002897488144,0.00022566093641610143,0.0058992384571050155,Upregulated
ZNF441,3.612760549689031,2.4296081252845148,2.3979564870467738,4.8275646123312885,3.9764154860557834,0.0018751773159843472,0.021250470026709316,Upregulated
SERTAD2,9.020853147905527,2.4243214174337515,7.808692439188651,10.233013856622403,5.187538537563059,0.0007432474521487829,0.012119885789899712,Upregulated
BCL3,8.490378321827011,2.40800752922814,7.286374557212941,9.694382086441081,6.064627638100227,6.678598204816596e-05,0.0027934754854873783,Upregulated
ICAM4,2.4232820608955246,2.406385140034199,1.2200894908784248,3.626474630912624,3.532716896189206,0.00435552687340668,0.036458057873640023,Upregulated
JUN,10.937814631837194,2.403644677291851,9.735992293191268,12.139636970483119,10.667933712013497,2.0528060406813435e-06,0.000346148790145083,Upregulated
CLK1,9.924747284722201,2.401885578658529,8.723804495392937,11.125690074051466,4.204575664214133,0.0025762106719280963,0.026340322892313712,Upregulated
TRAF1,6.80155040287002,2.3995238998837696,5.601788452928135,8.001312352811905,3.93375968845166,0.0031184338576080344,0.029726341530776034,Upregulated
DDX58,9.117969044030101,2.394349168115048,7.920794459972577,10.315143628087625,3.8403218834317254,0.00565330926456115,0.04225375486194841,Upregulated
DDIT3,8.476565921845136,2.3818246101056673,7.2856536167923025,9.66747822689797,5.845637762684268,0.0002429970568886464,0.006211274770803678,Upregulated
RFPL3S,2.4215999288751613,2.373306162939961,1.234946847405181,3.608253010345142,4.14748480295228,0.002206441625504484,0.023905426810705177,Upregulated
HIVEP2,8.190820665316771,2.357780948907868,7.011930190862836,9.369711139770704,10.05585019723394,3.588214505549886e-06,0.0005159179668760946,Upregulated
N4BP3,5.507617191703531,2.340495729391411,4.337369327007825,6.677865056399236,4.720828351041063,0.000279627985787414,0.006769524086465035,Upregulated
HLA-F,7.537346639859511,2.3383867396392555,6.368153270039882,8.706540009679138,4.249645875655147,0.0008127969181037956,0.012722346350646497,Upregulated
FRS2,8.490556397302157,2.3302586932908085,7.325427050656753,9.655685743947561,4.710646266249269,0.0006385191495208243,0.011114098134723754,Upregulated
CHD2,10.680881531248271,2.3291182523877634,9.51632240505439,11.845440657442154,4.880366920774889,0.0009082957667722844,0.013621723231887343,Upregulated
GBP1P1,1.1954997865269876,2.329048969121247,0.0309753019663643,2.360024271087611,3.9364985336194733,0.00556739665307078,0.04187835204486975,Upregulated
LOC284454,7.7219423261796925,2.3259515644818283,6.558966543938778,8.884918108420607,3.588789354395077,0.0059531170916268875,0.04368467581909938,Upregulated
PINLYP,2.0976088298225797,2.323025892473197,0.936095883585981,3.259121776059178,3.558544511390418,0.006036230320724617,0.044053298660337206,Upregulated
PRDM1,5.929835589078172,2.3166392092564125,4.771515984449965,7.088155193706378,4.142536500250441,0.000972388672394744,0.014188034719941492,Upregulated
PIP5K1B,2.3004136617889017,2.3160895269112634,1.1423688983332703,3.4584584252445336,4.274936195114896,0.0007542143204684325,0.01219018766443299,Upregulated
CYLD,8.677127034473664,2.3067480427231155,7.523753013112105,9.83050105583522,6.320358775687272,0.0001031370412157908,0.0037120182308147207,Upregulated
OTUD1,6.259742428512363,2.2990562208181684,5.110214318103278,7.409270538921446,3.992148799499875,0.0016972095657786786,0.020265210758168773,Upregulated
DDX60L,8.703888315605592,2.2927616857655844,7.5575074727228,9.850269158488384,4.140929190244954,0.002919987823131801,0.02852412733382042,Upregulated
NR4A1,7.790762041449694,2.283397626148429,6.649063228375479,8.932460854523908,4.9886155051641445,0.0007095645298892463,0.011828646384131964,Upregulated
RLF,8.58084709313852,2.280617002369448,7.440538591953796,9.721155594323244,3.7194759034425617,0.005650225795054507,0.04225375486194841,Upregulated
SEMA4A,3.0538029891546965,2.2791103915893993,1.9142477933599968,4.193358184949396,5.089591190436333,0.00022251033011726746,0.005863475664863921,Upregulated
NFKB1,8.552880570014018,2.264525291928704,7.420617924049667,9.685143215978371,6.131358636533069,0.00020000578553814176,0.005552312104406134,Upregulated
LOC440896,1.4274482735699272,2.2643502935218907,0.2952731268089817,2.5596234203308725,3.8073722175945623,0.005403508803231185,0.04125256195298675,Upregulated
ARL5B,8.185655539776771,2.2640976882802564,7.053606695636643,9.3177043839169,4.051974333568912,0.002051026441993271,0.02263015026285621,Upregulated
MB21D2,7.285083715314469,2.256581183805782,6.156793123411578,8.41337430721736,5.393590974424522,0.0003036112072213508,0.007090939920941295,Upregulated
SIX4,6.454122540149985,2.2563413937023995,5.325951843298785,7.582293237001185,8.884878183860518,1.8345274985935232e-06,0.00034004384288189617,Upregulated
HIST1H4E,4.59587443302012,2.2513262145751054,3.4702113257325675,5.721537540307673,4.047200016658554,0.0012903396455930586,0.01689806274015274,Upregulated
SNORA25,3.3499500242423093,2.24806751342863,2.225916267527994,4.473983780956624,4.341347910280437,0.0007523947060907758,0.01219018766443299,Upregulated
NACAD,2.2587395657953975,2.2421325930119522,1.1376732692894214,3.3798058623013736,4.177953887103206,0.0013448449095619188,0.0173809871598157,Upregulated
SP8,1.7293740085648066,2.2411240786320334,0.6088119692487898,2.8499360478808233,5.192667377821343,0.00013404072771795915,0.004272896454251709,Upregulated
CMYA5,2.9953203952139837,2.240682561973383,1.874979114227292,4.115661676200675,4.680581667434894,0.0007373642971355187,0.012059051413935503,Upregulated
APOL6,8.037661368456343,2.229066001984097,6.923128367464295,9.152194369448392,3.6336605808675864,0.005535584056039089,0.04175681489152893,Upregulated
ZBTB21,8.154382240279363,2.214938310408751,7.046913085074987,9.261851395483738,3.4358826880011963,0.005893723353664969,0.04345676466380212,Upregulated
ZNF14,5.309067579287752,2.2009782877044852,4.208578435435509,6.409556723139994,4.657672408292425,0.0007812146958768568,0.01245162407296565,Upregulated
ZNF555,5.7026025950866135,2.1886482677844343,4.608278461194396,6.79692672897883,4.026175724826708,0.0041898908348916575,0.035535959609962864,Upregulated
STAT2,8.668808692482015,2.186423293462699,7.575597045750666,9.762020339213365,3.740809735817458,0.004881850082719293,0.03901805251405582,Upregulated
ZNF436,7.69573368616117,2.1790831663934735,6.6061921029644335,8.785275269357907,4.2631638739094635,0.0018181228537645945,0.02094787124416753,Upregulated
TCTE3,3.2904739205740317,2.1765640995847306,2.2021918707816663,4.378755970366397,4.148323145682804,0.0011954954575227245,0.015989751744366443,Upregulated
ZNF292,8.893766280873447,2.1706124061347207,7.808460077806087,9.979072483940808,5.0203938077917405,0.0005193447498012404,0.009806450863894011,Upregulated
RSRC2,9.782252138220324,2.1648833819511886,8.69981044724473,10.864693829195918,4.992710732968875,0.0009903155725333444,0.014328433802597226,Upregulated
HIST1H4I,2.6098778711189765,2.1575988884294253,1.5310784269042637,3.688677315333689,3.476841938210265,0.004942627227200769,0.03927638665345551,Upregulated
HES1,8.16748410312123,2.1569931629156223,7.0889875216634195,9.245980684579042,3.9425090334453756,0.001763522446280494,0.02068130868819852,Upregulated
POU2F2,6.965760683672106,2.1546461623119217,5.888437602516145,8.043083764828067,3.8988726437286094,0.0032865934607856683,0.030755830196084463,Upregulated
HIVEP1,7.573713545638848,2.151457285310695,6.4979849029835,8.649442188294195,5.452426015456995,0.00018790540056789608,0.0053587980248732845,Upregulated
DUSP1,10.013960056154808,2.145552143723087,8.941183984293264,11.086736128016351,4.303235691693603,0.0012272880815880499,0.016273061854140108,Upregulated
PIM1,8.288011103343468,2.1217534301461,7.227134388270418,9.348887818416518,8.570299810859055,7.5253468042846926e-06,0.0007637673672025118,Upregulated
KLF6,10.352210911609522,2.10215238747916,9.30113471786994,11.4032871053491,5.475991869562592,0.0008693327774374072,0.013259005886153074,Upregulated
ZNF121,6.367788258202934,2.1018440615994507,5.316866227403208,7.418710289002659,4.921784987726131,0.0009280933891376617,0.013819280528875022,Upregulated
NKX3-1,6.655294445605755,2.098280645364227,5.606154122923641,7.704434768287868,3.5373151625456014,0.0045123702984297,0.03727485154297302,Upregulated
SKIL,9.135723313492115,2.0949973696419377,8.088224628671146,10.183221998313083,5.565011564678192,5.597419093296828e-05,0.0025055251363303855,Upregulated
TNFSF14,3.3259710445026007,2.0803310795590924,2.2858055047230548,4.366136584282147,3.8451852547266956,0.0018086670429727488,0.020912998432221306,Upregulated
B3GNT5,8.559675585626803,2.0734294048542665,7.522960883199669,9.596390288053936,6.934580287888489,2.562229518852265e-05,0.001600292038403521,Upregulated
FILIP1L,6.62925030351224,2.072880503237811,5.592810051893334,7.665690555131145,4.447896914812593,0.001969624081357522,0.021977947611138138,Upregulated
FOS,7.369311765984895,2.0684340976443236,6.335094717162733,8.403528814807057,4.577958791082855,0.0007856148889463789,0.012475742358601587,Upregulated
LRRN3,1.0809059305445567,2.062591437184793,0.04961021195216003,2.1122016491369533,3.9342023779083113,0.0054473961111134684,0.04140440997890925,Upregulated
PIGA,8.051743807665396,2.062356439562137,7.020565587884327,9.082922027446465,3.816547757841632,0.005279409482273787,0.04066500506909883,Upregulated
ZNF184,6.143115358896188,2.0573534717040207,5.114438623044178,7.171792094748199,4.473744695235426,0.0010027203805923908,0.014402236642369169,Upregulated
ZNF280B,5.068799955588194,2.055640645036579,4.040979633069904,6.096620278106483,5.149503174305067,0.00014596999274084065,0.004497374575450499,Upregulated
IRAK2,9.134691131064468,2.0505401092617355,8.1094210764336,10.159961185695336,5.824756212052516,5.080686475424631e-05,0.0023830520010669925,Upregulated
PARP12,8.264873408765794,2.039532061624178,7.245107377953706,9.284639439577884,3.6067512279293736,0.00526259714480747,0.040580797983115924,Upregulated
USP43,6.518755303484896,2.0378220942519647,5.499844256358914,7.537666350610879,5.0390903560343885,0.0011591713905467918,0.015763588870657503,Upregulated
MAP3K8,8.525154662224953,2.0365652166342727,7.506872053907816,9.54343727054209,5.785830670617845,0.00011472750464721218,0.0038846681239487982,Upregulated
ZNFX1,10.347213191647043,2.029359274346392,9.332533554473848,11.36189282882024,4.504018812183074,0.0018491977732096824,0.021094608978192767,Upregulated
SNORD50B,3.2952804396554174,2.0287634933274594,2.2808986929916877,4.309662186319147,3.659421714789293,0.002901018041513555,0.02842556006794281,Upregulated
MXD1,8.376101156783605,2.009885860543795,7.371158226511708,9.381044087055503,4.318016505531458,0.001138416540087907,0.015573402876940912,Upregulated
HIST1H4C,1.9776052128793054,2.007079911519676,0.9740652571194673,2.9811451686391433,3.4037400929063484,0.005352777763805686,0.0410491893072267,Upregulated
IER2,9.329173242431262,2.001708061622324,8.3283192116201,10.330027273242424,5.586849293597322,5.751445968492865e-05,0.0025384229369225034,Upregulated
FOXN2,8.184528816124779,1.9977957106540147,7.185630960797771,9.183426671451786,5.071574677403981,0.00023469902550922299,0.0060552348581379535,Upregulated
EGR4,1.4313667591830797,1.996750993004435,0.4329912626808621,2.429742255685297,4.437334568439655,0.00092555496799755,0.013819280528875022,Upregulated
PARP14,9.475735731917252,1.9952401436420324,8.478115660096236,10.473355803738269,3.8031040374773513,0.005511400066010442,0.04166147596448091,Upregulated
IFIT5,7.874518499397647,1.9877677660147306,6.880634616390282,8.868402382405012,4.137665646887867,0.0020022302642091244,0.02221606457948436,Upregulated
KLF4,8.265136743396592,1.9858599689085858,7.272206758942299,9.258066727850885,6.498116728770763,1.1005427720851435e-05,0.0009575422001461765,Upregulated
DBP,5.469981728942902,1.984830727405038,4.477566365240383,6.462397092645421,4.095405828130795,0.0016070681245670998,0.01964779568060202,Upregulated
ZNF627,6.574318944339511,1.9821968128831795,5.583220537897922,7.565417350781101,7.135019516725029,1.4408646638435648e-05,0.001137771600380096,Upregulated
REC8,4.735168548589698,1.9761807397836395,3.7470781786978784,5.723258918481518,5.888681446040877,0.00035449326076488754,0.007854110434641626,Upregulated
ZSCAN12P1,3.5781848475047475,1.9752954217703724,2.5905371366195613,4.565832558389934,5.267380415468912,0.00010326849240258297,0.0037120182308147207,Upregulated
STX11,3.1960755397449,1.9739062231009128,2.2091224281944437,4.1830286512953565,7.985480631356826,1.4846357030734356e-06,0.00030585711357496463,Upregulated
SNIP1,7.600115252934565,1.9697166033008244,6.615256951284152,8.584973554584977,5.472965074309581,0.00038980914781914486,0.008303295782943915,Upregulated
CDC14A,4.8796563434519316,1.9648773202079908,3.8972176833479364,5.862095003555927,5.955293851467151,4.205751996853983e-05,0.0021186859420648007,Upregulated
GUCA1B,3.6524066417609706,1.9563603026763126,2.6742264904228144,4.630586793099127,3.4574150895488653,0.003760180633199181,0.03328136100600768,Upregulated
PMAIP1,8.990358455745206,1.9493899013103881,8.01566350509001,9.965053406400399,10.220961603620061,1.872298200320518e-06,0.00034004384288189617,Upregulated
IL20RB,4.637086713119672,1.9348005922344411,3.6696864170024517,5.604487009236893,3.705938562782579,0.0025734677602539204,0.026331783168854605,Upregulated
TET3,8.582849265887779,1.9336530979620887,7.616022716906735,9.549675814868824,4.157701635953711,0.0021936757659167566,0.023855402151000238,Upregulated
LIF,10.773032754569794,1.9123547682642528,9.816855370437667,11.72921013870192,4.395138129817331,0.0005270793873653249,0.009888920836551303,Upregulated
ACHE,6.33736132388501,1.911034050714223,5.3818442985278985,7.292878349242121,3.5329841180159014,0.003825251394751392,0.03353618044896581,Upregulated
RND1,7.226512939574146,1.908691824825774,6.272167027161259,8.180858851987033,6.3201576421467776,1.5813390953699965e-05,0.0011927444553766155,Upregulated
ANKRD12,8.327810322570713,1.8980460072780776,7.378787318931673,9.27683332620975,4.577857945399514,0.0006681742911071807,0.011367310893892727,Upregulated
ETV3,6.595426782108845,1.8976968341123959,5.6465783650526475,7.544275199165043,12.420567894813445,3.2006052864303464e-09,6.361631061055878e-06,Upregulated
FBXO48,3.807065713857476,1.8838115967889735,2.865159915462989,4.748971512251963,3.499207671192695,0.005418141777607614,0.041318569589125914,Upregulated
KBTBD8,3.7932733676188066,1.8769369749555067,2.8548048801410535,4.73174185509656,3.621056035730439,0.0038898810507413304,0.03393933510959708,Upregulated
HIST1H2AM,3.0416870640853233,1.8758072006980289,2.103783463736309,3.9795906644343377,3.4345282878612697,0.003853801191530244,0.03371106037382298,Upregulated
RASGRP1,5.8445091375358125,1.8742801169538241,4.907369079058901,6.781649196012725,3.8193147231379747,0.002053768178908917,0.02264230205549503,Upregulated
GADD45B,8.240931355745882,1.8737704279067362,7.304046141792515,9.177816569699251,9.815097157965337,5.731589164505611e-06,0.0006704502138785674,Upregulated
NCOA7,9.531088202714358,1.8679285419503575,8.59712393173918,10.465052473689537,6.015622086733879,5.998542723248511e-05,0.002603707082044,Upregulated
XKR9,2.2773862093739234,1.8651131879837843,1.3448296153820312,3.2099428033658155,4.241810898367079,0.0007136748491377908,0.01186465977242154,Upregulated
ZNF211,6.887495151102097,1.8622854565377223,5.956352422833236,7.818637879370958,3.5298936023824234,0.007024316708696285,0.04841904291183035,Upregulated
KCNT2,4.036505034563133,1.8574766739533333,3.1077666975864666,4.9652433715398,3.8816969995084167,0.0014942426209924309,0.018774985285594625,Upregulated
XRN1,8.19256149383537,1.8519974228286387,7.266562782421051,9.11856020524969,6.756398987996081,0.00012454423739007044,0.004101170211550728,Upregulated
PNRC1,9.291835855227742,1.8498731758948477,8.366899267280319,10.216772443175167,5.898953227383441,3.0441942353364238e-05,0.0017536819640706918,Upregulated
SNORA63,4.168040661892729,1.8491703732875306,3.2434554752489637,5.092625848536494,4.1940933298961935,0.0009276191730828053,0.013819280528875022,Upregulated
CSF1,8.534877800122597,1.8442575584891046,7.612749020878045,9.45700657936715,3.9145925990924892,0.001574475424787208,0.01945611843181543,Upregulated
SOCS3,8.45031828183381,1.8426464890274445,7.5289950373200885,9.371641526347533,7.489262707932363,1.952154793264016e-06,0.00034545631553106683,Upregulated
RELB,8.149860862152002,1.8386801987818835,7.23052076276106,9.069200961542943,12.972782186211678,7.154579458515192e-09,9.87546602658852e-06,Upregulated
ZNF615,5.5299155046742365,1.8318944384666516,4.613968285440911,6.445862723907562,5.933289975881377,2.7745367736569663e-05,0.0016578758046228183,Upregulated
ARHGAP30,4.345563390466538,1.8243781170942088,3.4333743319194334,5.257752449013642,4.001870431124778,0.0016464930212646606,0.019918560398603583,Upregulated
ARID4B,9.30103905676286,1.8219149215579922,8.390081595983865,10.211996517541857,4.124746057542825,0.001681930150259623,0.020170010307587815,Upregulated
USP37,7.407910953537302,1.8188910128969047,6.49846544708885,8.317356459985755,3.4688491751434913,0.005507623679075426,0.04166147596448091,Upregulated
DNAH2,2.951464623756705,1.8178263387054914,2.0425514544039594,3.8603777931094507,5.763907202163575,0.00029206421958446023,0.0069523529943313015,Upregulated
AOC3,5.294818975122683,1.8159334320155232,4.386852259114922,6.202785691130445,5.478446346209194,0.00011696146815411094,0.003947235073181401,Upregulated
BCL10,8.55937272826539,1.808167293078247,7.655289081726266,9.463456374804514,7.637484865842637,4.145055847906087e-06,0.000555477726880075,Upregulated
ZC3H12C,7.362638540761944,1.807123356893225,6.459076862315332,8.266200219208557,5.930837481286145,2.980827629817396e-05,0.0017361387964598698,Upregulated
BMP2,6.328088972281257,1.8013815727082907,5.427398185927112,7.228779758635403,4.283121996004836,0.001893016424064882,0.02138241055758393,Upregulated
RBPJ,8.302546623110425,1.798881738989908,7.403105753615471,9.20198749260538,4.809056431839986,0.0007275279353565331,0.01194062793308707,Upregulated
IL12A,4.2070224795673905,1.7975455106391345,3.308249724247823,5.1057952348869575,3.9456861511730335,0.0015901323844980985,0.01951483258106386,Upregulated
JAK2,5.888206166104208,1.7953824139268049,4.990514959140806,6.785897373067611,7.051117928849154,4.041955327664278e-06,0.0005523872216608914,Upregulated
ZBTB6,6.994110913899304,1.7914335791904374,6.098394124304085,7.889827703494523,3.5695618384037036,0.004644313995005453,0.037954686840177776,Upregulated
ABL2,8.920979905977699,1.78893721854101,8.026511296707195,9.815448515248205,5.158846456840045,0.0008382245536712423,0.012855570571471285,Upregulated
HDX,5.945065177242168,1.7879539890667164,5.05108818270881,6.839042171775526,5.033266948123774,0.0003442624436083219,0.007701547016411131,Upregulated
ZNF430,5.251723742500266,1.7855046728187771,4.358971406090877,6.144476078909654,4.919163670904561,0.00027497523071377,0.006705800546894288,Upregulated
UBE2L6,9.047871711238422,1.7787120346007779,8.158515693938032,9.93722772853881,3.7652735962300516,0.004248429020866891,0.03587143899355768,Upregulated
NAV2,7.7947351172548345,1.773713866829005,6.9078781838403325,8.681592050669337,3.95135585555206,0.00407639664513716,0.034926444998651905,Upregulated
BIRC3,10.14783962397675,1.7726039809971734,9.261537633478165,11.034141614475338,6.83330616277421,2.992583909529912e-05,0.0017361387964598698,Upregulated
INO80D,7.500432614202345,1.771420658086674,6.614722285159008,8.386142943245682,4.071531510759031,0.0018060407559695292,0.020912998432221306,Upregulated
MED26,6.7088106139409955,1.7708406505852254,5.823390288648383,7.594230939233609,4.069603726829232,0.0035955880633266064,0.032448416189362235,Upregulated
DTX3L,8.902355756983829,1.769797761133411,8.017456876417123,9.787254637550534,3.9405259253661966,0.004462590690338679,0.03701751159780336,Upregulated
FOXO1,6.862354895850937,1.7584018782284847,5.983153956736695,7.74155583496518,6.048778982637488,0.00011158746875694434,0.0038219400279208503,Upregulated
ZNF543,5.366195561252212,1.7555523592386004,4.488419381632912,6.243971740871513,3.8786973945382144,0.0015926591642101472,0.01951483258106386,Upregulated
MIER1,8.524615464650857,1.7554936955662592,7.646868616867727,9.402362312433986,4.520130908438471,0.000757336064745084,0.01222632713646362,Upregulated
PPP1R15B,9.873475947819816,1.7547532450630765,8.996099325288279,10.750852570351356,6.898441519066111,7.595554504335477e-05,0.0030388822847345676,Upregulated
PLEKHF2,6.914310498087923,1.7505292496400022,6.039045873267922,7.789575122907924,5.961249376909897,9.902759807082837e-05,0.003606538090162649,Upregulated
SNORD58A,2.079814179893024,1.7496834611047674,1.2049724493406404,2.9546559104454078,3.643472619054947,0.0025450000214816385,0.026148857285663147,Upregulated
PER2,7.499124572877214,1.737192730341655,6.630528207706386,8.367720938048041,3.794256813852003,0.0024289380356829716,0.025322229385598232,Upregulated
KCNQ4,3.0608376448862615,1.7366277014019085,2.1925237941853073,3.9291514955872158,4.10850100871596,0.0009306851709368751,0.013828038121035184,Upregulated
SRFBP1,7.523353488976856,1.7365647194013576,6.655071129276177,8.391635848677534,6.817894969833663,0.00017770135202965106,0.005207668284639646,Upregulated
FERMT3,5.128012738682823,1.7361302206495246,4.259947628358061,5.996077849007586,4.194110672489548,0.0014586395018305817,0.0184373635931937,Upregulated
HELB,4.584741952420311,1.7357393684861862,3.7168722681772177,5.452611636663404,7.048402795967448,4.63247899967507e-05,0.002220212070573437,Upregulated
TTC21A,4.075407049433519,1.734547394068887,3.2081333523990754,4.942680746467962,3.8924897985304265,0.00231550290243654,0.024491100814047175,Upregulated
CD83,6.841205939562808,1.7339559566959961,5.974227961214811,7.708183917910807,3.75969257212344,0.0020728365275388292,0.022779747284728074,Upregulated
GADD45A,9.428678179013492,1.7337538533194579,8.561801252353764,10.295555105673222,5.453699641172613,0.00014272403211089874,0.004453166391585037,Upregulated
IRF9,8.002370020490876,1.7212249198426237,7.141757560569563,8.862982480412187,4.216113582028409,0.0010016765687065527,0.014402236642369169,Upregulated
LOC100379224,2.8711904861308524,1.7133316631349227,2.0145246545633912,3.727856317698314,3.558503569631612,0.003658928591511498,0.03288033290926641,Upregulated
ZNF333,4.10004958172035,1.7128768678789403,3.24361114778088,4.95648801565982,3.453771551270196,0.004986814613785454,0.03946839625803743,Upregulated
ZNF805,5.881813186983723,1.7119406848682086,5.025842844549619,6.737783529417827,8.465803401097308,3.6400983926690923e-06,0.0005179822485980565,Upregulated
MIR221,4.240832455325679,1.702330849235702,3.3896670307078276,5.09199787994353,3.3117570081779544,0.006529850130952706,0.04631222353987266,Upregulated
ETS2,9.4758441584768,1.7021032680288304,8.624792524462384,10.326895792491214,6.211930061817292,4.386615721004003e-05,0.002170195584122518,Upregulated
FST,6.603618381077232,1.69436457231342,5.756436094920522,7.450800667233942,3.6900056897557274,0.0023137686754298946,0.024491100814047175,Upregulated
EPC1,8.24713722285486,1.6925688280458813,7.40085280883192,9.093421636877801,4.6045723598702235,0.001038612729670346,0.014764131315797926,Upregulated
RBBP6,9.860400457930233,1.6872577297529503,9.016771593053758,10.704029322806708,3.900792270587774,0.005410180099099758,0.04128066108782419,Upregulated
TNFAIP8,8.65375482434528,1.6862877770398912,7.810610935825333,9.496898712865224,3.964131259484608,0.0033236865725082294,0.030956036275527052,Upregulated
FOSL1,9.15454123578041,1.6843610152570676,8.312360728151877,9.996721743408944,4.391449788856305,0.0006814469805322804,0.011484752957615467,Upregulated
NFKB2,10.061051498169387,1.6791279982803644,9.221487499029205,10.90061549730957,4.033740165357652,0.0011225402786718278,0.015402011398118528,Upregulated
PIM3,8.795324668341344,1.6781853284919546,7.956232004095368,9.634417332587322,3.232556348864151,0.005581180428144503,0.04193632740864376,Upregulated
ARID3B,6.333513818421723,1.6760021292504934,5.4955127537964765,7.17151488304697,5.617736816892739,0.0001060959705638847,0.003754981235111027,Upregulated
WTAP,9.480506503674361,1.6702225991648199,8.645395204091951,10.315617803256771,5.162532321587518,0.0008646068111237764,0.013201513068519343,Upregulated
ZC3H4,8.720139888228323,1.6662014825554339,7.887039146950605,9.553240629506039,9.693981437958627,1.1564064745122995e-06,0.0002689100598685623,Upregulated
STAT1,11.376889104506997,1.6640613069132275,10.544858451050384,12.208919757963612,6.284337049832216,0.00024763081461156347,0.006294747944904992,Upregulated
INTS6,7.793436364734002,1.6591937886254495,6.963839470421277,8.623033259046727,4.007431554178725,0.0027001066482983537,0.02713483888109989,Upregulated
CBWD6,5.089127915781925,1.6582213242843622,4.260017253639744,5.9182385779241065,5.068616760228145,0.0007156264923462819,0.01187234672338429,Upregulated
NOG,2.6252920914983346,1.6581307999166672,1.796226691540001,3.454357491456668,3.597426712317707,0.0028614125471736764,0.028220692247921612,Upregulated
PHF11,6.131699995665973,1.652806380607382,5.305296805362282,6.958103185969664,3.882891203769068,0.003576778562927914,0.03239519324415617,Upregulated
DIRC3,2.5440940821522804,1.652510200001809,1.717838982151376,3.370349182153185,3.8094681336750043,0.0018439609231936437,0.021094608978192767,Upregulated
CHIC2,6.252261208829664,1.649093051298565,5.427714683180381,7.076807734478946,5.794788509691381,3.5513112388028615e-05,0.0019223038834978784,Upregulated
MDM4,7.76436913577053,1.64852490734045,6.940106682100305,8.588631589440755,5.527679061904126,0.00043889835139777835,0.008869859362142803,Upregulated
NR4A2,5.254706025507609,1.6480941560485318,4.430658947483343,6.0787531035318745,10.37621817767402,8.09940924831354e-08,4.986084623262323e-05,Upregulated
KLF11,7.604410872583694,1.6479819466261878,6.7804198992706,8.428401845896788,4.222094923034051,0.0034312816175378845,0.03160907314009536,Upregulated
TAP1,9.929283869874968,1.6461047216742966,9.106231509037821,10.752336230712118,3.696925777017636,0.0041777195197328434,0.03548313299766655,Upregulated
MEIS1,4.532943636115318,1.6403848109263413,3.712751230652147,5.353136041578488,4.214600359671394,0.0007725744237978783,0.012356714683293296,Upregulated
REM2,3.936544988116715,1.6387814169090298,3.1171542796622003,4.75593569657123,3.575651135973825,0.0035205036441610916,0.03207897669774157,Upregulated
ZNF460,4.857070907185863,1.638679964503285,4.037730924934221,5.676410889437506,4.445696663469746,0.0005185566057134647,0.00980498195707254,Upregulated
MAST4,7.131160792808015,1.6356358515734133,6.3133428670213085,7.948978718594722,4.362676696775425,0.0007031225841452019,0.011740641998292476,Upregulated
ZNF764,6.4228004527313205,1.632005206385596,5.6067978495385224,7.2388030559241185,7.531874904610833,2.216232397771509e-06,0.0003565056566161252,Upregulated
ZNF484,6.0109646183747385,1.631063267819341,5.195432984465068,6.826496252284409,3.3414826243162294,0.006294670249568909,0.045437272576886595,Upregulated
PNPT1,9.302186534775862,1.6273596775880357,8.488506695981844,10.11586637356988,3.880957826020767,0.005748391857559474,0.04268825874305666,Upregulated
ZNF222,5.573597944496427,1.6207629254223388,4.763216481785258,6.383979407207597,9.331347034054376,8.097564084173622e-07,0.00021567001732323296,Upregulated
CLK4,7.2579017946853455,1.6170503292740426,6.449376630048325,8.066426959322367,7.9493935014399115,1.0002327589823285e-05,0.0009143187266379523,Upregulated
LOC729603,3.460898934595853,1.6158206547671297,2.652988607212288,4.268809261979418,3.259999324387464,0.005296103679468617,0.040681322871031614,Upregulated
TICAM1,7.236018334438578,1.6154493038880666,6.4282936824945445,8.043742986382611,8.173490695510806,8.184891671675834e-07,0.00021567001732323296,Upregulated
EBLN2,3.064085313194009,1.6144072089617598,2.256881708713129,3.871288917674889,3.617578557751175,0.0026525791343632796,0.02686257169109156,Upregulated
VDR,6.098932983273823,1.6141788071404726,5.2918435797035865,6.906022386844059,3.1123889197533785,0.007147727601552121,0.04893853377193647,Upregulated
KLF9,5.398813906826277,1.6127446941507975,4.5924415597508785,6.205186253901676,4.1575128504060705,0.0016260437651099582,0.01977469787648701,Upregulated
PPP4R1L,5.78430627373715,1.604681218618035,4.981965664428133,6.586646883046168,4.939880529756517,0.0005865383568387658,0.010519073304690627,Upregulated
MYSM1,8.02316237474928,1.6013320804365927,7.222496334530983,8.823828414967576,5.475619703747832,0.0005162640627974199,0.009788062536253472,Upregulated
PPTC7,8.116562856982206,1.5958180661884125,7.318653823888001,8.914471890076413,4.688931029576006,0.000944864717232903,0.013904016729174582,Upregulated
TET2,7.4963456083644076,1.5938593357965436,6.699415940466136,8.29327527626268,4.710023911280597,0.0004943841429075808,0.009544034020354319,Upregulated
NECAP1,7.571520559320286,1.5920523483181448,6.775494385161213,8.367546733479358,5.8968141991498735,7.824230469720551e-05,0.0030768619137764323,Upregulated
ARL4D,6.217131824931164,1.5906902158186664,5.42178671702183,7.012476932840497,4.996139500410917,0.0001597579114048075,0.004804223205055682,Upregulated
ZNF44,3.855785828381,1.5884291618450002,3.0615712474584997,4.6500004093035,3.534733981637991,0.003009385759596454,0.02906826566809647,Upregulated
HCFC2,6.251593894302614,1.5869697120796635,5.458109038262783,7.045078750342446,3.8668799722610006,0.0031619575274601137,0.029924981270120644,Upregulated
AEBP2,8.088090486506673,1.5815750284024697,7.297302972305437,8.878878000707907,4.7884786456228134,0.0015846399323284248,0.019511851013317795,Upregulated
MIR568,2.1520257808648644,1.5809096735529458,1.3615709440883916,2.9424806176413374,3.112925744669718,0.007303640797734759,0.04958787699514652,Upregulated
BTG1,10.433649794859445,1.58004437804213,9.643627605838379,11.223671983880509,3.724460166702826,0.004760706140559122,0.03845057159633561,Upregulated
SENP7,6.547397387725214,1.57979890516632,5.757497935142054,7.337296840308374,4.186228106298358,0.0010583437252789396,0.014921673585316856,Upregulated
HLA-L,4.0358992966823815,1.5754965942707777,3.2481509995469926,4.82364759381777,4.020267109098552,0.001269264373139432,0.016705390552547116,Upregulated
ZNF799,4.781799314543238,1.574607356412367,3.9944956363370543,5.569102992749421,5.532139787171192,5.7699801104083865e-05,0.0025384229369225034,Upregulated
ADM5,5.180159884415415,1.5735693407371434,4.393375214046844,5.966944554783987,3.459861671268454,0.0035332025249142076,0.03212700556745113,Upregulated
PRG2,1.4640660462648118,1.573455724730853,0.6773381838993855,2.2507939086302384,3.4022301810704993,0.004989665396672847,0.03946839625803743,Upregulated
RNF213,11.685691539516835,1.5612443579704571,10.905069360531607,12.466313718502064,4.211841851820877,0.0008147782855110517,0.012722346350646497,Upregulated
THAP9-AS1,7.967548604126563,1.5604055476676422,7.187345830292742,8.747751377960384,5.074653754697569,0.00014402078115921912,0.004477294689956534,Upregulated
NBPF10,6.692473244305573,1.5554826689396046,5.91473190983577,7.470214578775375,5.3036254172439445,0.0005744952657847803,0.010352164691419481,Upregulated
GDF15,9.916770145960873,1.5529385224778345,9.140300884721956,10.69323940719979,3.2481018142294715,0.006158489174872895,0.04473980320040556,Upregulated
SLC6A13,2.604954003259098,1.550304738780369,1.8298016338689136,3.3801063726492826,3.6925220159098497,0.0027548681386741236,0.027503018517988653,Upregulated
DCP1A,8.131603151464939,1.5470851780945347,7.358060562417671,8.905145740512205,4.889404105145014,0.0006703304533510183,0.011367310893892727,Upregulated
THAP1,7.0917094798765845,1.5374776845596676,6.322970637596751,7.860448322156419,4.398547527897654,0.0022678166447515197,0.02419398121445728,Upregulated
PPP1R10,9.934090249902194,1.5355929154038677,9.16629379220026,10.701886707604128,3.598856897064076,0.005718641017513237,0.04255223825592195,Upregulated
RSBN1,6.4427670641533545,1.5338204459536096,5.67585684117655,7.20967728713016,3.661685861329929,0.005794663736424856,0.04297890572481047,Upregulated
APOBEC3D,4.146455786440951,1.5325574335410899,3.380177069670406,4.912734503211496,4.433088334838756,0.00048397797814638905,0.00939570749979551,Upregulated
SPRY1,6.811946995013649,1.5306708333927306,6.046611578317283,7.577282411710014,9.16824901707796,1.6122231830883747e-06,0.00031790737994526907,Upregulated
FEM1C,8.852726458433363,1.52918835304998,8.088132281908374,9.617320634958354,3.8937651798523683,0.0016223184393152807,0.01974679137378203,Upregulated
MCTP1,6.329086812881311,1.5263313186466387,5.5659211535579916,7.09225247220463,4.842956295030585,0.000927681271693378,0.013819280528875022,Upregulated
ZSCAN12,6.031289137781394,1.523964202745832,5.269307036408478,6.79327123915431,4.941311318178615,0.0004407134528035894,0.008884794061962728,Upregulated
CPEB3,4.64166824955233,1.5230840614997354,3.8801262188024626,5.403210280302198,5.754172273324032,4.952349574408921e-05,0.0023533386008052796,Upregulated
ZNF845,6.837852069615818,1.5221813598484406,6.0767613896915975,7.598942749540038,4.483132928628819,0.0006270404064675051,0.010954629841165627,Upregulated
TBX15,2.669473341245963,1.5219297442232538,1.9085084691343361,3.43043821335759,4.11719284422819,0.0009690200357913639,0.014153845030717666,Upregulated
SPRY2,6.504433596174816,1.521318785199993,5.743774203574819,7.265092988774812,5.417073390748016,0.00011921547575223382,0.0040134907605075204,Upregulated
CDKN1B,8.990122620429517,1.5155774523925487,8.232333894233243,9.747911346625791,4.053696349937202,0.0042292902756181465,0.03574825087223348,Upregulated
SMCHD1,8.966517308128466,1.5121446144883475,8.210445000884292,9.72258961537264,5.561800211687159,0.000191563038327627,0.005437797000588949,Upregulated
TBC1D22B,7.6989570211873755,1.507972119867616,6.944970961253568,8.452943081121184,9.070156451514642,2.906008720004518e-07,0.0001215504192794617,Upregulated
NT5DC2,8.390699197885368,-1.5133655873993757,9.147381991585057,7.634016404185681,-3.390797566164716,0.00456027366759737,0.03746753418681339,Downregulated
RERG,5.26548655892722,-1.5251150150220214,6.02804406643823,4.502929051416209,-4.486785299256287,0.0023987329079448298,0.0251773360102423,Downregulated
NSDHL,8.299537504143728,-1.5350727376599176,9.067073872973687,7.532001135313769,-5.206720614532715,0.00015004473824665603,0.004592167454586681,Downregulated
SNRNP25,6.478161695200393,-1.5437084735255189,7.250015931963152,5.706307458437633,-3.8442452368020303,0.00159336494377012,0.01951483258106386,Downregulated
IGFBPL1,5.596562316592252,-1.550868949045502,6.371996791115003,4.821127842069501,-3.732006186120951,0.002229671244378254,0.023963482374725523,Downregulated
TPPP3,6.447161788168337,-1.5657291510995428,7.230026363718109,5.664297212618566,-3.7976139477370165,0.0033424938063924196,0.030984850241527584,Downregulated
ANXA2P3,1.5582455071435823,-1.5723565685661023,2.3444237914266335,0.7720672228605312,-4.747431849324241,0.00031763592782461085,0.007343934190557962,Downregulated
DHCR7,9.428366747025283,-1.5813219453643743,10.21902771970747,8.637705774343095,-3.5373732000879405,0.0029868457493196225,0.028933427180591477,Downregulated
SPOCK3,1.572615590596699,-1.589079642518164,2.367155411855781,0.778075769337617,-3.1683847197671895,0.00643205026597829,0.04585064238225005,Downregulated
ALPP,2.342452549172946,-1.5911917100381618,3.138048404192027,1.546856694153865,-3.199917263622961,0.006041649957546789,0.044053298660337206,Downregulated
ASB9,6.3623300503351885,-1.6278295368171802,7.176244818743778,5.548415281926598,-4.719129132355808,0.0009123426429496912,0.013658422451881331,Downregulated
SLC22A18AS,4.465482693649805,-1.6624723969073756,5.296718892103493,3.634246495196117,-4.239657533167025,0.0008363329741375547,0.01284298979632338,Downregulated
ADI1,8.220654468219251,-1.668697160411865,9.055003048425183,7.386305888013318,-6.01328017372898,2.5311649407971834e-05,0.0015915201461314912,Downregulated
CNFN,4.475023193996013,-1.6732509519278218,5.311648669959924,3.638397718032102,-3.7694363812483593,0.003203645840222039,0.030163658617042836,Downregulated
AGR2,10.158812182914843,-1.7098025705343076,11.013713468181997,9.30391089764769,-5.889014617310871,6.836449367631974e-05,0.0028363574110059006,Downregulated
TM7SF2,7.2841566165046805,-1.7437349681434196,8.15602410057639,6.412289132432971,-3.619956668450279,0.0031624883106219238,0.029924981270120644,Downregulated
PHEX,2.42183824093728,-1.7472420090193803,3.2954592454469704,1.5482172364275901,-3.20986237346219,0.006002860640028355,0.04390963720949199,Downregulated
HSD17B6,2.4105428129228983,-1.7484686420174778,3.284777133931637,1.5363084919141592,-5.059288667410485,0.00014988168652699057,0.004592167454586681,Downregulated
CCDC74A,2.938222577178828,-1.7560241365041604,3.816234645430908,2.0602105089267475,-3.4030300163550753,0.00472527410211788,0.038321362180689246,Downregulated
NDUFA2,8.118074041523595,-1.7641452182258819,9.000146650636536,7.236001432410654,-4.65950601270765,0.0015915113572988276,0.01951483258106386,Downregulated
TUBB4A,4.977975081572864,-1.807486432225513,5.88171829768562,4.074231865460107,-4.372471629488913,0.000566167816796783,0.010261428363973774,Downregulated
PHB,10.692987859099155,-1.816452065126306,11.601213891662308,9.784761826536002,-5.325344416110347,0.0006438346198901086,0.0111784267400543,Downregulated
ZNF488,5.106316063036825,-1.8472532570811744,6.029942691577412,4.182689434496238,-5.134638609871661,0.0003193570637626354,0.007359074375819126,Downregulated
DEGS2,3.129021333379907,-1.8768886056506195,4.067465636205217,2.1905770305545973,-5.50383373785498,6.067347593883828e-05,0.002617112463699327,Downregulated
DUSP13,3.0497170400493596,-1.9343763500829976,4.016905215090858,2.082528865007861,-3.203521632250795,0.006977117838029191,0.048176667092704815,Downregulated
HOGA1,5.373657585701276,-1.9511625190199098,6.3492388452112305,4.398076326191321,-6.73266788279538,3.169121411583588e-05,0.0017805653684548422,Downregulated
G6PD,11.03086504961868,-1.9883373500565398,12.02503372464695,10.03669637459041,-3.2115482853598025,0.005839106787784551,0.043215652006321804,Downregulated
ROPN1L,1.517637676356918,-1.9970057126247087,2.5161405326692723,0.5191348200445636,-3.346524638748003,0.004662488001677123,0.03801520929379898,Downregulated
EPHX1,9.203672154868944,-2.00504499865842,10.206194654198153,8.201149655539734,-4.691577870916487,0.00045770796095400307,0.009116512243936658,Downregulated
OLFML2A,4.5017581508520275,-2.1290665573788066,5.5662914295414305,3.437224872162624,-3.352805004376885,0.005034041827501777,0.03965160757241697,Downregulated
SLC17A4,1.963974647869128,-2.2407766200325305,3.0843629578853933,0.8435863378528627,-5.407141603783926,0.00011218284233500992,0.003832821219678569,Downregulated
CLDN2,7.561202868417035,-2.5114871374022467,8.816946437118158,6.305459299715912,-5.444508374573906,0.000510638645139386,0.009735283451462632,Downregulated
TM4SF4,8.40540938658799,-2.655571605617679,9.73319518939683,7.07762358377915,-3.9366314600465246,0.0027724668926218617,0.027610649725006896,Downregulated
DDC,4.793998580854927,-3.0115944099829397,6.299795785846397,3.2882013758634576,-3.8339517016072517,0.0031838353005292403,0.03007972529309042,Downregulated
